高考	(gāokǎo) Chinese college entrance exam
举行	(jǔxíng) hold (meeting, ceremony); (jǔxíng) hold (a ceremony)
入学	(rùxué) start or enter school
考试	(kǎoshì) test; examination
决定	(juédìng) determine
专业	(zhuānyè) special field of study; major; (zhuānyè) major; specialized
整个儿	(zhěnggèr) whole; entire
教育	(jiàoyù) education; to educate
准备	(zhǔnbèi) preparation;
兴趣	(xìngqù) interest
固然	(gùrán) it is true that; no doubt
负面	(fùmiàn) negative
死记硬背	(sǐjì yìngbèi) rote memorizing; (sī jì yìng bèi) rote memorization
缺乏	(quēfá) lack; be short of
分析	(fēnxī) analyze; analysis; (fēnxi) analyze (analysis)
训练	(xùnliàn) training; train
体现	(tǐxiàn) embody; reflect; give expression to
公平	(gōngpíng) fair; just
长大	(zhǎngdà) grow up; be brought up
通过	(tōngguò) pass; be successful (in a test); (tōngguò) pass; passthrough; go through; (tōngguò) through
北京大学	(běijīng dàxué) Peking University
关系	(guān.xi) connections; relationships; (guān.xi) relevance, relationships (used with 因为 to indicate cause or reason)
后门儿	(hòuménr) back door
走后门儿	(zǒuhòuménr) get in by the back door; secure advantages through pull or influence
能力	(nénglì) ability; capability; (nénglì) capability
在...看来	(zài...kànlái) in one's opinion
优点	(yōudiǎn) good point; merit; strength
缺点	(quēdiǎn) shortcoming; defect; weakness
批评	(pīpíng) criticize; criticism
过分	(guòfèn) excessively; (over-)
强调	(qiángdiào) emphasize; stress
记忆	(jìyì) memory
重视	(zhòngshì) think highly of; value; (zhòngshì) pay attention to; (zhòngzhì) value; take seriously
道理	(dào.li) reason; sense
有道理	(yǒu dào.li) reasonable; (yǒudàoli) reasonable
表现	(biǎoxiàn) performance (in school, work etc.); (biǎoxiàn) performance (in school); (biǎoxiàn) show; display
马路	(mǎlù) road; street; avenue
危险	(wēixiǎn) dangerous
门口儿	(ménkòur) gate; doorway; entrance
座	(zuò) MW for bridges, buildings, mountains (etc.)
过街天桥	(guòjiē tiānqiáo) (the overhead bridge of an) overpass
让	(ràng) give way; yield; (ràng) let; allow
当中	(dāngzhōng) in the middle
撞	(zhuāng) collide; bump against; run into; (zhuàng) to collide; to strike; to bump into
撞着	(zhuàng//zháo) collide; bump against; run into
照顾	(zhào.gú) give or show consideration to; (zhào.gù) take care of; look after
时时	(shíshí) often; all the time
停	(tíng) stop
斑马线	(bānmǎxiàn) pedestrian crossing; cross-walk
起	(qǐ) rise; grow
作用	(zuòyòng) function; effect
起作用	(qǐ zuòyòng) be effective; have effect
起不了	(qǐ .bù liǎo) unable to rise
希望	（xīwàng) hope; wish
遵守	(zūnshǒu) abide by; observe
规则	(guīzé) regulation; rule
地下	(dìxià) underground; subterranean
通道	(tōngdào) passageway
打牌	(dǎ//pái) play (a game of) cards
甚至	(shènzhì) even (to the extent that)
特殊	(tèshū) special
街景	(jiējǐng) street scene
特有	(tèyǒu) specific; characteristic
秩序	(zhìxù) order; sequence
情况	(qíngkuàng) situation
乱中有序	(luàn zhōng yǒu xù) finding order in chaos
火车	(huǒchē) train
生活	(shēnghuó) live; (shēnghuó) life
远处	(yuǎnchù) distant place
不到	(búdào) less than; not yet
居然	(jūrán) unexpectedly
承德	(chéngdé) Chengde in Hebei Province
参观	(cānguān) visit (a place); look around
避暑上妆	(bìshǔ shānzhuāng) Summer Residence Shanxi Province
山西	(shānxī) shanxi province
云岗石窟	(yúngǎngshíkū) Yungang Caves
硬座	(yìngzuò) hard seat (on a train)
软卧	(ruǎnwò) soft bunk (on a train)
路上	(lù.shang) on the way
特产	(tèchǎn) special local products
尝	(cháng) taste
风味儿	(fēngwèir) special flavor; local flavor
小吃	(xiǎochī) snack; refreshments
乘客	(chéngkè) passenger
交谈	(jiāotán) talk with each other; converse; chat
练习	(liànxí) practice; excercise
交	(jiāo) make (friends); (jiāo) hand over (hand in)
到为止	(dào...wéizhǐ) up to; until
目前	(mùqián) now; at present
国内	(guónèi) internal; domestic
主要	(zhǔyào) main
工具	(gōngjù) tool; instrument
机会	(jī.huì) opportunity; chance
观察	(guānchá) observe; watch; survey
向上	(xiàngshàng) make progress; go upward
所	(suǒ) MW for school and hospital; (suǒ) MW for houses, institutions (etc.)
小学	(xiǎoxué) elementary school
牌子	(páizi) plate; sign
毛主席	(máozhǔxí) Chairman Mao
到处	(dàochù) everywhere; at all places
各种各样	(gèzhǒng gèyàng) all kinds of
标语	(biāoyǔ) slogan
做人	(zuòrén) be an upright person
勿	(wù) do not
随地	(suídì) anywhere; everywhere
吐痰	(tǔtán) spit; expectorate
平安	(píngān) safe and sound; without mishap
有关	(yǒuguān) have something to do with; relate to; concern
世纪	(shìjì) century
年代	(niándài) a decade, age; era
政治	(zhèngzhì) politics
政治性	(zhèngzhìxìng) political nature
大大地	(dàdàde) greatly
减少	(jiǎnshǎo) decrease; reduce
商业	(shāngyè) commerce; trade; business
商业性	(shāngyèxìng) commercial nature
广告	(guǎnggào) advertisement
道德	(dàodé) morals; morality; ethics; (dàodé) morality
天安门	(tiānānmén) Gate of Heavenly Peace
中华人民共和国	(zhōng huá rénmín gòng hé guó) People's Republic of China
万岁	(wànsuì) long live
人民	(rénmín) people
团结	(tuánjié) unite; rally
雷锋	(léifēng) Lei Feng
教训	(jiàoxun) lesson; moral
信息	(xìnxī) information; message
意味	(yìwèi) meaning; implication
政府	(zhèngfǔ) government
全	(quán) whole; entire; total
提出	(tíchū) put forward; advance; raise
讲	(jiǎng) stress; pay attention to; be particular about
文明	(wénmíng) civilization; culture
讲文明	(jiǎngwénmíng) stress on decorum
树	(shù) set up; establish
新风	(xìnfeng) new practice; new custom
树新风	(shùxīnfēng) foster healthy tendencies
改掉	(gǎidiào) give up; drop
乱	(luàn) randomly; arbitrarily
倒	(dào) pour out; empty; (dào) on the contrary
垃圾	(lājī) garbage; rubbish
随便	(suíbiàn) carelessly; (suíbiàn) do as one pleases; do at will
停放	(tíngfàng) park; place
了解	(liǎojiě) understand
思想	(sīxiǎng) thinking; thought
值得	(zhídé) be worth; deserve
题目	(tímù) title; subject; topic
脱	(tuō) take off; cast off
裤子	(kù.zi) pants
放屁	(fàngpì) pass gas; fart
生动	(shēngdòng) lively; vivid
俗话	(súhuà) common saying; proverb
成语	(chéngyû) a set phrase; idiom
歇后语	(xiēhòuyû) a two-part allegorical saying
用语	(yòngyû) wording; choice of words
使用	(shîyòng) use; make use of; apply
语言	(yûyán) language
并存	(bìngcún) exist simultaneously
古今并存	(gû jīn bìngcún) the ancient and current exist simultaneously
多余	(duōyú) unnecessary; surplus
高雅	(gāoyâ) refined; elegant
画蛇添足	(huàshé tiānzú) draw a snake and add feet to it
理解	(lîjiê) understand; comprehend
谜语	(míyû) riddle; conundrum
忘记	(wàngjì) forget
譬如	(pìrú) for example; such as
拿	(ná) seize; capture
耗子	(hào.zi) mouse; rat
多管闲事	(duō guân xiánshì) poke one's nose into other's business
捉	(zhuō) catch; capture
猫	(māo) cat
责任	(zérèn) responsibility
除非	(chúfēi) only if; only when; unless
熟	(shú) familiar
要不然	(yào.burán) otherwise; or else
闹笑话	(nào xiào.huà) make a fool of oneself
电话	(diànhuà) telephone; phone call
打电话	(dǎ diànhuà) make a phone call
一切	(yíqiè) all; every; everything
顺利	(shùnlì) smooth; successful
放心	(fàng//xīn) set one's mind at rest; feel relieved
单人间	(dānrénjiān) single room
双人间	(shuāngrénjiān) double room
同屋	(tóngwū) roommate
谈得来	(tán .de lái) get along well
天气	(tiānqì) weather
预报	(yùbào) forecast
夏天	(xiàtiān) summer
特别	(tèbié) especially; special
热	(rè) hot
空调	(kōngtiáo) air-conditioning
电视	(diànshì) TV
浴室	(yùshì) bathroom; washroom
条件	(tiáojiàn) condition
嘛	(.ma) modal particle
换	(huàn) change
毛巾	(máojīn) towel
整理	(zhěnglǐ) put in order; straighten up
床铺	(chuángpù) bedding
打扫	(dǎsǎo) sweep; clean
简直	(jiǎnzhí) simply; virtually
旅馆	(lǚguǎn) hotel
惯坏	(guàn//huài) spoil
学习	(xuéxí) study
校园	(xiàoyuán) campus
安全	(ānquán) safe
听说	(tīngshuō) be told; hear of; hear
的很	(.dehěn) very
而且	(érqiě) and; as well (as); furthermore
饭馆儿	(fànguǎnr) restaurant
商店	(shāngdiàn) store; shop
留学生	(liúxuéshēng) foreign student
食堂	(shítáng) dining hall
离	(lí) be away from; from
近	(jìn) close; near; (jìn) recent
方便	(fāngbiàn) convenient
极了	(jíle) extremely; very
借口	(jièkǒu) excuse
您	(nín) polite you
努力	(nǔlì) with great effort; nǔ lì － great effort / strive / try hard
方面	(fāngmiàn) respect; aspect; side; (fāngmiàn) aspect; side
得	(děi) must; have to; (dé) contract an illness
注意	(zhùyì) pay attention to; (zhùyì) pay attention (take notice of)
健康	(jiànkāng) health; physique
长途	(chángtú) long distance
老年人	lǎoniánrén - elderly people, senior citizens
流行	liúxíng - popular
天堂	tiān táng--heaven; paradise
战场	zhànchǎng － battlefield
坟场	fénchǎng - graveyard
大致	dà zhì － more or less / roughly / approximately
年龄	nián líng - age
注重	zhù zhòng - pay attention to; emphasize
升学	shēng xué － enter a higher leveled school; (shēng xué) advance to a higher school
至于	zhìyú (prep. as for)
激烈	jīliè (adj. intense; fierce); (jīliè) intense; fierce
必须	bì xū － to have to / must
尽	jìn － exert; exhaust; (jìn) try one's best
淘汰	táo tài (to eliminate through selection or competition)
反对	fǎnduì － to oppose
敬老院	jìnglǎoyuàn － old folk's home; home for the aged
不见得	bú jiàn de (not necessarily)
自愿	zìyuàn － voluntary; of ones free will
满意	mǎn yì － to be satisfied / to be pleased / satisfied / pleased
独立	dú lì - independent / independence / to stand alone; (dúlì) independent; independence
尊严	zūnyán － dignity; honor
加重	jiā zhòng－ increase, aggravate
负担	fùdān - burden; (fùdàn) burden; load
三代同堂	sān dài tóng táng (3 generations under 1 roof)
晚年	wǎnnián － old age, one's later (or remaining) years
孝顺	xiào shùn (filial piety)
挤	jǐ - crowded; to push against; to squeeze
单元	dān yuán－ unit or chapter
摩擦	mó cā － friction
工业化	gōngyèhuà － industrialization
快速	kuàisù (high-speed, fast)
反映	fǎnyìng - reflect
相当	xiāngdāng (adv. quite, fairly, considerably); (xiāngdāng) quite; considerably
理想	lǐxiǎng - ideal; (lǐxiǎng) ideal
一再	yīzài (again and again, repeatedly); (yízài) again and again; repeatedly
宁可	nìngkě - would rather
现代化	xiàn dài huà － modernization; (xiàndàihuà) modern; modernization
取代	qǔdài | replace; (qǔdài) replace; substitute
祖父母	zǔfùmǔ (paternal grandparents)
失去	shīqù - v. to lose （abstract); (shīqù) lose
表示	biǎo shì - to show; to express; (biǎoshì) show; use words to express; indicate
产生	chǎnshēng － to produce; emerge; to cause; (chǎnshēng) produce (or give rise to)
渐渐	Jiànjiàn (gradually); (jiànjiàn) gradually
离婚	(lí//hūn) divorce; (líhūn) divorce
甲	(jiǎ) the first person
报道	(bàodào) report; broadcast; (bàodào) news report
下降	(xiàjiàng) descend; drop; (xiàjiàng) decrease (intransitive)
乙	(yǐ) the second person
人数	(rénshù) the number of people
的确	(díquè) indeed; really
与其说 A, 不如说 B	(yǔqí shuō A, bùrú shuō B) A is not so much ... as B
妇女	(fùnǚ) women (collective noun)
依靠	(yīkào) depend on
保障	(bǎozhàng) safety net; guarantee
即使	(jíshǐ) even though; even if
爱情	(àiqíng) romantic love
婚姻	(hūnyīn) marriage
维持	(wéichí) sustain; keep; maintain
妻子	(qī.zi) wife
收入	(shōurù) income
夫妻	(fūqī) married couple
忍受	(rěnshòu) endure; bear
再说	(zàishuō) moreover; (zàishuō) put off until some time later
公开	(gōngkāi) public; open
发生	(fāshēng) occur; take place (happen)
婚外关系	(hūnwàiguān.xi) extra-marital affair
增多	(zēngduō) grow in number or quantity; pile; (zēngduō) increase (intransitive form [does not take object])
正	(zhèng) exactly; precisely
法律	(fǎlǜ) law
单亲家庭	(dānqīn jiātíng) single parent family
伤害	(shānghài) injure; harm (in an abstract sense)
夫妇	(fūfù) married couple (literally: husband / wife)
勉强	(miǎngqiǎng) reluctantly; grudgingly; (miǎnqiǎng) reluctantly; unwillingly
餐桌	(cānzhuō) dining table
野蛮	(yěmán) barbarous; cruel
作为	(zuòwéi) as
中华	(zhōnghuá) the Chinese nation
特色	(tèsè) distinguishing feature; (tèsè) characteristic; distinguishing feature
早已	(zǎoyǐ) long ago (for a long time); (zǎoyǐ) already (v-ed) long ago
世界闻名	(shìjiè wénmíng) world-famous
闻名	(wénmíng) renowned; well-known
味道	(wèi.dao) flavor; smell; (wèi.dao) taste; flavor
不顾	(búgù) disregard
法令	(fǎlìng) law and decrees
舆论	(yúlùn) public opinion
餐馆	(cānguǎn) restaurant
野生	(yěshēng) wild; uncultivated
动物	(dòngwù) animal
博物馆	(bówùguǎn) museum
孔雀	(kǒngquè) peacock
宴	(yàn) banquet (dining party)
天鹅	(tiāné) swan
包	(bāo) wrap; (bāo) swelling; lump
鸵鸟	(tuóniǎo) ostrich
红烧	(hóngshāo) braise in soy sauce
果子狸	(guǒ.zilǐ) masked civet (some weird raccoon thing)
清炖	(qīngdùn) boiled in clear soup
蛇	(shé) snake
龟	(guī) turtle (tortoise)
鹰	(yīng) hawk (eagle)
炸	(zhá) deep fry; (zhá) fry in deep fat or oil; deep-fry
鳄鱼	(èyú) crocodile
条	(tiáo) strip; (tiáo) MW for things narrow and long
金	(jīn) gold
龙	(lóng) dragon
巨蜥	(jùxī) huge lizard
不久前	(bùjiǔqián) not long ago; recently
广西	(guǎngxī) Guangxi Province
南宁市	(nánníng shì) Nanning City
稀有	(xīyǒu) rare (unusual)
食物	(shíwù) food (eatables; edibles)
珍稀	(zhēnxī) precious; rare
道	(dào) MW for dishes; (dào) MW for question test assignment; (dào) say
主菜	(zhǔcài) main dish
场合	(chǎnghé) occasion; situation
规格	(guīgé) standard; norm (specification)
待遇	(dàiyù) treatment
象征	(xiàngzhēng) symbol (token)
实在	(shízài) really (certainly; truly); (shízài) really; honestly; indeed
生物学家	(shēngwùxuéjiā) biologist
南方	(nánfāng) south
补脑	(bǔnǎo) nourish the brain
绳子	(shéng.zi) rope
困住	(kǔnzhù) bind; tie
猴子	(hóu.zi) monkey
硬物	(yìngwù) hard objects
敲开	(qiāo//kāi) strike open
脑壳	(nǎoké) skull
脑	(nǎo) brain
愚昧	(yúmèi) ignorant; benighted
之极	(zhījí) extremely
之至	(zhīzhì) extremely
人性	(rénxìng) human nature
词句	(cíjù) words and sentences (expression)
表达	(biǎodá) express
愤慨	(fènkǎi) be indignant (toward an injustice)
前不久	(qiánbùjiǔ) not long ago
科学家	(kēxuéjiā) scientist
联名	(liánmíng) jointly sign (jointly)
发出	(fāchū) put forward (raise)
倡议	(chàngyì) propose (proposal)
子孙	(zǐsūn) descendants
后代	(hòudài) descendants (posterity)
留下	(liúxià) leave behind
完整	(wánzhěng) intact; complete
美好	(měihǎo) beautiful; fine (glorious)
屠宰场	(túzǎichǎng) slaughterhouse
史料	(shǐliào) historical data (reading materials)
记载	(jìzǎi) record (put into writing)
灭绝	(mièjué) become extinct
国际	(guójì) international
公认	(gōngrèn) be generally acknowledged
物种	(wùzhǒng) species
严峻	(yánjùn) stern (severe; grim)
课题	(kètí) task; problem (question for study)
地球	(dìqiú) the earth; the globe
人类	(rénlèi) human kind
及	(jí) and
生物	(shēngwù) living beings; living things
共有	(gōngyǒu) jointly possess
家园	(jiāyuán) home; homeland
本	(běn) it goes without saying (of course)
共生	(gòngshēng) mutualism (mutualistic symbiosis)
深切	(shēnqiè) deeply (keenly; thoroughly)
现实	(xiànshí) reality; facts
警告	(jǐnggào) warn
责	(zé) duty; responsibility
碰到	(pèngdào) run into; give rise to; (pèng//.dào) run into; meet
毕业	(bìyè) graduation
正面	(zhèngmiàn) positive
竞争	(jìngzhēng) competition; compete; (jìngzhēng) compete
显然	(xiǎnrán) obviously; clearly
制度	(zhìdù) system
进入	(jìnrù) enter; get into
有效	(yǒuxiào) effective
丰富	rich; abundant (fēngfù); (fēngfù) enrich
经验	(jīngyàn) experience (in a particular job)
存在	(cúnzài) exist; to be
讨厌	(tǎoyàn) hate; disgusted in
大量	(dàliàng) large number; (dàliàng) a large number of
精力	(jīnglì) energy; vigor
忽视	(hūshì) overlook; neglect; ignore
印象	(yìnxiàng) impression
儿童	[értóng] children; (értóng) children
肥胖	(féipàng) fat; corpulent; obese; (féipàng) obesity
体育	(tǐyù) sports
认真	(rènzhēn) serious; earnest
家务	(jiāwù) housework; (jiāwù) household chores; housework
和睦	(hémù) harmonious (household)
平均	(píngjūn) average; (píngjūn) on average; average
只顾	(zhǐgù) be preoccupied with (bad thing); (zhǐ gù) be preoccupied solely with
态度	(tàidu) attitude
正常	(zhèngcháng) normal; regular
直接拒绝	(zhíjiējùjué) directly reject
邻居	(línjū) neighbor
忽略	(hūlüè) ignore; neglect (didn't catch some issues); (hūlüè) neglect
大陆	(dàlù) mainland
造成	(zàochéng) give rise to; (zàochéng) cause; create; give rise to
政策	(zhēngcè) rules; policy
增加	(zēngjiā) increase (transitive form [takes object]); (zēngjiā) add; increase; raise
降低	(jiàngdī) decrease (transitive); reduce; drop; lower (jiàngdī)
地位	(dìwéi) status; (dìwèi) position; status; standing
税	(shuì) taxes
陪胖	(péiyǎng) cultivate
矛盾	(máodùn) contradiction; conflict; (máodùn) contradictory (or contradiction)
保留	(bǎoliú) continue to have; (bǎoliú) retain; continue to have; keep
交往	(jiāowǎng) association (human-to-human); (jiāo wǎng) association; relationship (have an association with); (jiāowǎng) contact; association; associate with
来往	(láiwǎng) assocation (government-to-government); (láiwǎng) communication; relations
变化	(biànhuà) change (transformation)
吵架	(chǎojià) quarrel
资源	(zīyuán) natural resources; natural resources; resources (zīyuán)
接触	(jiēchù) come into contact with
声调	(shēngdiào) tones
早起	(zǎoqǐ) get up early
洗澡	(xǐ//zǎo) have a bath; bathe
开始	(kāishǐ) start; begin
习惯	(xíguàn) be accustomed
上	(shàng) go to; be engaged (in work, study, etc.)
从来没 v. 过	(cónglái méi v. guò) have never V-ed before
迟到	(chídào) be late (for appointment)
更	(gèng) even more; still more
不用说	(búyòngshuō) not to mention; needless to say
晚睡	(wǎnshuì) go to bed late
困难	(kùnnán) difficult; difficulty
早晨	(zǎo.chen) morning
头脑	(tóunǎo) brains; mind
清楚	(qīng.chu) clear
可	(kě) but
刚	(gāng) just
需要	(xūyào) need; want; require; (xūyào) need to
咖啡	(kāfēi) coffee
醒	(xǐng) wake up; sober up
懂	(dǒng) understand; comprehend; know
身体	(shēntǐ) body; health
却	(què) but; yet; however
整天	(zhěngtiān) the whole day; all day long
...的要命	(.de yàomìng) awfully; extremely
除了...以外	(chū.le ... yǐwài) except for; aside from
发现	(fāxiàn) find; discover
一般来说	(yìbān lái shuō) generally speaking
经常	(jīngcháng) often; frequently
多半儿	(duōbànr) mostly
提供	(tígōng) offer; provide; supply
本来	(běnlái) originally; at first
总视	(zǒngshì) always
不得不	(bùdébù) have no choice but to; have to
改	(gǎi) change; alter; correct
成	(chéng) into; become
干净	(gānjìng) clean; neat and tidy
认为	(rènwéi) think; consider; hold
以为	(yǐwéi) mistakenly think
事情	(shì.qing) thing
一定	(yídìng) definitely; definite; (yídìng) certain
学会	(xué//huì) learn
另	(lìng) the other; another
角度	(jiǎodù) angle; point of view
外国	(wàiguó) foreign country
好处	(hǎo.chu) benefit; gain; profit; advantage
八卦	(bā guà) gossip
绯闻	(fēiwén) sex scandal, pink new
狗仔	(gǒuzǎi) paparazzi
小三儿	(xiǎo sānr) the third party (in a relationship)
脚踏两只船	(jiǎotǎliàngzhīchuán) have foot in both camps
天哪	(tiān na) my god!
找麻烦	(zhǎomáfan) look for trouble
普通	(pǔtōng) common; ordinary
普通话	(pǔtōnghuà) putonghua
规范	(guīfàn) standard; normal, norm
规范字	(guīfànzì) standardized characters
空洞	(kōngdòng) empty; hollow; devoid of content
口号	(kǒuhào) slogan; watchword
有意义	(yǒuyìyì) meaningful; significant
方言	(fāngyán) dialect
南腔北调	(nánqiāng běidiào) some speak with souther accents and some with northern tunes
说明	(shuōmíng) explain; show
多	(duō) multi-
国家	(guójiā) country; state; nation
县	(xiàn) county
现象	(xiànxiàng) phenomenon
与	(yǔ) and
A 与 B 之间	(..yǔ... zhījiān) between A and B
沟通	(gōutōng) communicate
远见	(yuǎnjiàn) foresight; vision
有远见	(yǒuyuǎnjiàn) foresighted
知识分子	(zhīshi fènzǐ) intellectual; the intelligentsia
提倡	(tíchàng) advocate; promote
国语	(guóyǔ) mandarin chinese; (guóyǔ) national language
过去	(guòqù) past, in the past; formerly
推行	(tuīxíng) carry out; practice
成绩	(chéngjì) achievement; grade
新闻	(xīnwén) news
屏幕	(píngmù) tv screen
打	(dǎ) add subtitles
字幕	(zìmù) captions; subtitles
自从	(zìcóng) since
简体字	(jiǎntǐzì) simplified chinese characters
繁体字	(fántǐzì) traditional chinese characters
创造	(chuàngzào) create from nothing; produce; bring about
汉字	(hànzì) chinese characters
同一	(tóngyī...) the same...
写法	(xiěfǎ) way of writing
书写	(shūxiě) write
带来	(dàilái) bring about; bring along; produce
混乱	(hùnluàn) chaos; confusion, in chaos
辨识	(biànshí) distinguish and recognize
因此	(yīncǐ) therefore; hence
那么	(nàme) then; so
办法	(bànfǎ) way; means; measure
光	(guāng) only; alone; merely
靠	(kào) depend on; rely on
宣传	(xuānchuán) propaganda, propagandize
不够	(búgòu) not enough
广播	(guǎngbō) radio broadcast, broadcast
农村	(nóngcūn) countryside; rural area
收看	(shōukàn) watch
收听	(shōutīng) listen to
自然	(zìrán) naturally, natural
深入	(shēnrù) go deep into
点菜	{diǎn//cài} order dishes (in a restaurant)
差不多	(chà .bu duō) about the same; similar; (chà.bu duō) around; about (a certain number)
省	(shěng) province
川	(chuān) Sichuan Province (四川)
湘	(xiāng) Hunan Province (long form: 湖南)
辣	(là) peppery; hot
江	(jiāng) Jiangsu Province (江苏)
浙	(zhè) Zhejiang Province (浙江)
甜	(tián) sweet
饮食	(yǐnshí) drinking and eating
北方人	(běifāngrén) Northener
面食	(miànshí) wheat-based food
主食	（zhǔshí) staple food
馒头	(mán.tou) steamed bun
包子	(bāo.zi) steamed stuffed bun
饺子	(jiǎo.zi) dumpling
面条	(miàntiáo) noodle
南方人	(nánfāngrén) Southerner
米饭	(mǐfàn) (cooked) rice
稀饭	(xīfàn) rice or millet gruel; porridge
粥	(zhōu) gruel; congee
吃不惯	(chī .bu guàn) cannot get used to eating
选择	(xuǎnzé) select; choose
招牌	(zhāo.pai) shop sign
湖南	(húnán) Hunan Province
广东	(guǎngdōng) Guangdong Province
粤	(yuè) (alternate name for) Hunan Province
山东	(shāndōng) Shandong Province
馆子	(guǎn.zi) (informal) restaurant
齐鲁	(qílǔ) (ancient name for) Shandong
记得	(jì.de) remember
省名	(shěngmíng) name of province
记住	(jì//.zhu) memorize
简称	(jiǎnchēng) the abbreviated form of a name
鸡	(jī) chicken
鸭	(yā) duck
鱼	(yú) fish
青菜	(qīngcài) vegetable
豆腐	(dòu.fu) bean curd; tofu
基本	(jīběn) basic; fundamental
方法	(fāngfǎ) way; method
煎	(jiān) fry in shallow oil
煮	(zhǔ) boil; cook
炒	(chǎo) stir-fry
清蒸	(qīngzhēng) steam in clear soup (usually without soy sauce)
什么的	(shén.me.de) and so on; and what not
样	(yàng) kind; type
材料	(cáiliào) ingredient
动词	(dòngcí) verb
宾语	(bīnyǔ) object
结构	(jiégòu) structure
茄子	(qié.zi) eggplant
烤鸭	（kǎoyā) roast duck
清朝	(qīngchǎo) stir-fry without soy sauce
西兰花儿	(xīlánhuār) broccoli
如果	(rūguǒ) if; supposing that
名词	(míngcí) noun
冬笋	(dōngsǔn) bamboo shoot
肉丝	(ròusī) shredded meat (unless otherwise specified, this is pork)
腰果	(yāoguǒ) cashew
虾仁儿	(xiārénr) shelled fresh shrimp
蛋炒饭	(dànchǎofàn) egg fried rice
常见	(chángjiàn) often seen; common
芥兰	(jièlán) Chinese leaf mustard
明白	(míng.bai) clear; obvious; know; understand; (míng.bai) understood; catch on
实际	(shíjì) actually; in reality
八宝	(bābǎo) eight treasures (choice ingredients of certain dishes)
三鲜	(sānxiān) three kinds of fresh delicacies
全家福	(quánjiāfú) a hodgepodge dish (of lots of ingredients)
之类	(zhī lèi) and so on; and so forth; and the like
避免	(bìmiǎn) avoid; refrain from
制造	manufacture; make (zhìzào)
礼物	present; gift (lǐwù)
送	give a present (sòng); (sòng) walk (someone); accompany; escort
尴尬	awkward; embarrassed (gāngà)
工厂	factory (gōngchǎng)
鞋子	shoe (xiézi)
箱子	luggage; box; case; trunk; suitcase (xiāngzi)
家具	furniture (jiājù)
质量	quality (zhìliàng)
廉价	low-priced; cheap (liánjià)
劳动力	labor force (láodònglì)
安定	stable; quiet; settled (āndìng)
公司	company; corporation (gōngsī)
设	set up; establish (shè)
工人	manual worker; workman (gōngrén)
失业	lose one's job (shīyè)
欧洲	Europe (ōuzhōu)
发展中国家	developing country (fāzhǎnzhōngguójiā)
可能	probably; maybe; possibility (kěnéng)
就业	obtain employment (jiùyè)
商品	commodity, merchandise (shāngpǐn)
使	enable; make (shǐ)
享受	enjoy (xiǎngshòu)
物美价廉	excellent quality at low prices, a bargain buy (wùměi jiàlián)
提高	raise; heighten; increase (tígāo)
水平	standard; level (shuǐpíng)
经济	economy (jīnjì)
贡献	contribution, contribute (gòngxiàn)
银行	(yínháng) bank
出租汽车	(chūzū qìchē) taxi
司机	(sījī) driver title
师傅	(shī.fu) addressing a driver
王府井	(Wángfǔjǐng) bj business area
二环	(Èrhuán) Second Ring Road
堵	(dǔ) block up; stop up
厉害	(lì.hai) terribly; severe
堵车	(dǔ//chē) have a traffic jam
急	(jí) worry; make anxious; make impatient
死人	(sǐrén) extremely; to death
糟糕	(zāogāo) how terrible; what bad luck; too bad; (Zāogāo) terrible; aweful; too bad
连都	(lián dōu) even
不如	(bùrú) not equal to; not as good as
骑	(qí) ride (animal or bicycle)
自行车	(zìxíngchē) bicycle
私家车	(sījiāchē) private car
道路	(dàolù) road; way
发展	(fāzhǎn) develop, -ment;
赶不上	(gǎn.bu shàng) cannot catch up with
交通	(jiāotōng) traffic
堵塞	(dǔsè) block up; stop up
交通堵塞	（jiāotōng dǔsè) traffic jam
严重	(yánzhòng) serious (illness / situation)
走路	(zǒu//lù) walk; go on foot
过	(guò) pass or spend time; (guò) excessively; over; (guò) pass; cross; (guò) to spend (holidays / breaks / birthdays etc.)
关门	(guān//mén) close (stores / offices)
红绿灯	(hónglǜdēng) traffic light
下车	(xià//chē) get out of a car
麻烦	(má.fan) bother; trouble someone
发票	(fāpiào) bill; receipt
人民币	(rénmínbì) RMB
职员	(zhíyuán) office worker; staff member
楼	(lóu) story; floor; multi-storied building
美元	(měiyuán) USD
单子	(dān.zi) form; list
现金	(xiànjīn) cash
旅行	(lǚxíng) travel
支票	(zhīpiào) check
旅行支票	(lǚxíng zhīpiào) traveler's check
签字	(qiān//zì) sign
护照	(hùzhào) passport
点	(diǎn) check a number for correctness
举	[jǔ] cite
例子	(lìzi) example; enumerate; (lì.zi) example
强	(qiáng) capable; strong
害	(hài) cause trouble (for somebody)
重	(zhòng) heavy
不近人情	(bújìn rénqíng) disregarding others' feelings
人情	(rénqíng) relationship; human feelings
通人情	(tōngrénqíng) be passionate in dealing with people
干涉	(gānshè) interfere; intervene
否则	(fǒuzé) otherwise; if not
好意	(hǎoyì) kindly; good intention
越过	(yuèguò) cross the line (be over one's bounds)
彼此	(bǐcǐ) each other
界线	(jièxiàn) dividing line; boundary
以内	(yǐnèi) within; less than
权利	(quánlì) right
关心	(guānxīn) be concerned (about something)
思维方式	(sīwéifāngshì) thought; mode of thinking
不以为然	(bùyǐwéirán) consider (something) to not be so
据	(jù) according to
自相矛盾	(zì xiāng máodùn) self-contradictory
具体	(jùtǐ) definite; specific
待	(dāi) stay
尊重	(zūnzhòng) respect
隐私	(yǐnsī) privacy
权	(quán) -right
表姐	(biǎojiě) older female cousin
管教	(guǎnjiào) discipline; correct (undesirable behavior)
报警	(bàojǐng) report to the police
警察局	(jǐngchájú) police department
隔离	(gélí) isolate; keep apart
归	(guī) go back to; return
残酷	(cánkù) cruel
不打不成材	(bù dǎbù chéngcái) Spare the rod and spoil the child
成材	(chéngcái) become a useful person
私有	(sīyǒu) privately owned; private
财产	(cái chǎn) property
人家	(rén jiā) another person; other people
公有	(gōngyǒu) publicly owned; public
保护	(bǎohù) protection; protect
违法	(wéifǎ) violate the law; be against the law
制裁	(zhìcái) sanction; punish
绝对	(juéduì) absolutely; definitely
厕所	(cèsuǒ) toilet; restroom
比方	(bǐfāng) for instance
上厕所	(shàngcèsuǒ) go to the bathroom
马桶	(mǎtǒng) toilet
蹲	(dūn) squat on your heels
久	(jiǔ) long; for a time
腿	(tuǐ) leg
受不了	(shòu.bu liǎo) cannot stand (or endure)
卫生	(wèishēng) hygienic; sanitary
传染病	(chuánrǎnbìng) infectious disease
为	(wèi) for
市民	(shìmín) citizen; urban dweller
行人	(xíngrén) pedestrian
免费	(miǎnfèi) free of charge
既...也...	(jì...yě...) both...and; as well as
卫生纸	(wèishēngzhǐ) toilet paper
洗手台	(xǐshǒutái) sink (restroom)
闻	(wén) smell
股	(gǔ) MW for strength, smell
臭味儿	(chòuwèir) bad smell; stench
找	(zhǎo) look for; try to find; seek
动作	(dòngzuò) movement; notion; action
大概	(dàgài) generally; approximately; perhaps
报	(bào) newspaper
收费	(shōufèi) collect a fee; charge
到	(dào) up to
出门	(chū//mén) go out; (chūmén) to go out
随身	(suíshēn) (carry) on one's person
着	(.zhe) adverbial particle
零钱	(língqián) small change
改变	(gǎibiàn) change; alter
臭	(chòu) smelly; stinking
脏	(zāng) dirty; filthy
大部分	(dà bù.fen) most
进步	(jìnbù) advance; progress; improvement
寂寞	(jìmò) lonely
东北	(dōngběi) Northeastern China
万	(wàn) 10k
名	(míng) MW for people
项	(xiàng) MW for items, clauses
心理	(xīnlǐ) psychology
测试	(cèshì) test; testing; measurement
显示	(xiǎnshì) reveal; display; show
程度	(chéngdù) degree; extent
离家出走	(líjiāchūzǒu) run away from home
专家	(zhuānjiā) expert
家庭	(jiātíng) family; household
原因	(yuányīn) reason; cause
投入	(tóurù) put into; invest in
金钱	(jīnqián) money
关于	(guānyú) about; concerning; regarding
令人	(lìngrén) make people feel
担忧	(dānyōu) worry; be anxious or concerned
劳动	(láodòng) physical labor
近年来	(jìn nián lái) in recent years
由于	(yóuyú) owing to; due to
压力	(yālì) pressuré
培养	(péiyǎng) train; cultivate
独生子女	(dú shēng zǐ nǚ) the only child; (dúshēng zǐnǚ) only child
挤进	(jǐjìn) squeeze in; push one's way in; join eagerly (good connotation)
中产阶级	(zhōngchǎn jiē jí) middle class
拼命	(pīnmìng) do something desperately; with all one's might
尽可能	(jǐn kěnéng) as far as possible; to the best of one's ability
留出	(liúchū) set apart (set aside)
有益于	(yǒu yìyú) be good for; do good to; benefit
一生	(yì shēng) all one's life; throughout one's life
肚子	(dù.zi) stomach; abdomen
拉肚子	(lādù.zi) suffer from diarrhea; have loose bowels
请假	(qǐng//jià) ask for leave
休息	(xiū.xi) rest; have a rest
病	(bìng) be sick; be ill
碗	(wǎn) bowl
牛肉	(niúròu) beef
面	(miàn) noodle
块	(kuài) piece; lump; chunk; (kuài) dollar; buck
西瓜	(xīguā) watermelon
疼	(téng) ache, sore; painful
吐	(tù) vomit
也许	(yěxǔ) maybe; perhaps
发烧	(fā//shāo) have a fever
总	(zǒng) always
结果	(jiéguǒ) as a result; result
蚊子	(wén.zi) mosquito
叮	(dīng) sting; bite
脸	(liǎn) face
胳膊	(gē.bo) arm
问题	(wèntí) trouble; problem; question
好几	(hǎo jǐ) quite a few
开开	(kāi//kāi) open-open
关掉	(guān//diào) turn off
越来越	(luèláiluè) more and more
紧张	(jǐnzhāng) tense; intense; strained; (jǐnzhāng) tight; tense; high demand
该	(gāi) should; ought to
帮忙	(bāng//máng) help; (bāngmáng) help (do a favor)
医院	(yīyuàn) hospital
大夫	(dài.fu) physician; doctor
中外	(zhōngwài) China and foreign countries
游客	(yóukè) visitor (to a park) tourist
有名	(yǒumíng) famous
景点	(jǐngdiǎn) scenic spot
故宫	(gùgōng) The Palace Museum
颐和园	(yíhéyuán) The Summer Palace
长城	(chángchéng) the Great Wall
门票	(ménpiào) entrance or admission ticket
任何	(rènhé) any; whichever; whatever
人山人海	(rénshānrénhǎi) huge crowds of people
古代	(gǔdài) ancient times
建筑	(jiànzhù) building
华丽	(huálì) magnificent; resplendent
装饰	(zhuāngshì) decoration
休闲	(xiūxián) recreational
锻炼	(duànliàn) exercise; engage in physical training
跑步	(pǎo//bù) jog
跳舞	(tiào//wǔ) dance
太极拳	(tàijíquán) taichi
打太极拳	(dǎ tàijíquán) do taiji
打球	(dǎ//qiú) play ball
羽毛球	(yǔmáoqiú) badminton
遛鸟儿	(liù//niǎor) take a stroll with one's caged bird
傍晚	(bàngwǎn) evening; dusk
下棋	(xià//qí) play chess
乘凉	(chéng//liáng) relax in a cool place
黑	(hēi) dark
恋人	(liànrén) lovers (used only to describe them)
谈恋爱	(tán liàn'ài) date (someone); be in love
千万	(qiānwàn) ten million
人口	(rénkǒu) population
城市	(chéngshì) metropolis; city
平时	(píngshí) ordinarily; normally
忙碌	(mánglù) busy
拥挤	(yōngjǐ) crowded
悠闲	(yōuxián) leisurely; carefree
一面	(yímiàn) one side; one aspect
闷热	(mēnrè) hot; suffocating; muggy
潮湿	(cháoshī) humid
去处	(qùchù) place; resort; site
邮局	(yóujú) post office
请问	(qǐngwèn) polite excuse me; please ask;
附近	(fùjìn) nearby; in the vicinity
服务员	(fúwùyuán) service personnel
比较	(bǐjiào) comparitively, compare
远	(yuǎn) distant; far
最好	(zuìhǎo) had better; it would be best
路	(lù) route
公共汽车	(gōnggòngqìchē) bus
站	(zhàn) station; stop
往	(wǎng) in the direction of; towards
南	(nán) south
街	(jiē) street
东	(dōng) east
公园儿	(gōngyuán) park
对面	(duìmiàn) across from; in front of
寄	(jì) send; mail
窗口	(chuāngkuǒ) service window; window
挂号	(guàhào) register; send by registered mail
怕	(pà) fear; be afraid of something
丢	(diū) lose (something)
号	(hào) number
班	(bàn) do; manage; handle
小包	(xiǎobāo) small parcel
毛	(máo) dime; (máo) ten cents
填	(tián) fill in (a form)
表	(biǎo) form; table
地址	(dìzhǐ) address
姓名	(xìngmíng) full name
信封	(xìnfēng) envelope
信纸	(xìnzhǐ) letter paper
邮票	(yóupiào) stamp
风景	(fēngjǐng) scenery; landscape
明信片	(míngxìnpiàn) postcard
旁边儿	(pángbiān) side; by the side of; nearby
柜台	(guìtái) counter
饭桌	{fànzhuō} dining table
上座	(shàngzuò) seat of honor
论	(lùn) mention; regard; consider
年纪	(niánjì) age
哪里	(nǎ.li) I am flattered (used to reply to a compliment)
不敢当	(bù gǎndāng) I really don't deserve this
请客	(qǐng//kè) invite someone to dinner; entertain guests
入座	(rù//zuò) take one's seat (at a banquet or ceremony)
段	(duàn) paragraph; part; segment
对话	(duìhuà) dialogue; conversation
讲究	(jiǎng.jiu) be particular or fastidious about; pay attention to
座位	(zuò.wèi) seat; place
客人	(kè.rén) guest
主人	(zhǔ.rén) host
推让	(tuīràng) decline (position / favor out of modesty)
轻	(qīng) young; small; light;
热情	(rèqíng) enthusiasm; warmth; warmhearted
劝菜	(quàn//cài) urge guests to eat
劝酒	(quàn//jiǔ) urge guests to drink
吃不下	(chī.bu xià) unable to eat anymore
喝醉	(hē//zuì) be drunk
不要紧	(búyàojǐn) it doesn't matter; don't worry
我敬您	(wǒ jìng nín) To your health!
干杯	(gān//bēi) Cheers!
类似	(lèisì) similar
重复	(chóngfù) repeat
抱歉	(bàoqiàn) be sorry; feel apologetic
招待	(zhāodài) receive (guests); entertain
爱人	(ài.ren) ones husband or wife
做菜	(zuò//cài) cook
手艺	(shǒuyì) skill; craftsmanship; workmanship
家常菜	(jiāchángcài) home cooking; simple meal
桌	(zhuō) an entire table of
抢着	(qiǎng.zhe) vie for; scramble for
付	(fù) pay
付账	(fù//zhàng) pay a bill
情形	(qíng.xing) situation
新鲜	(xīn.xiān) new; novel; fresh
奇怪	(qíguài) strange; awkward; weird
各付各的	(gè fù gè .de) go Dutch
挺	(tǐng) very; quite; (tîng) very
文化	(wénhuà) culture
客套	(kètào) polite remarks; civilities
礼节	(lǐjié) courtesy; etiquette
相同	(xiāngtóng) alike; the same; identical
难说	(nánshuō) it is hard to say; you can never tell
种	(zhǒng) kind; sort; type
重要	(zhòngyào) important
入乡随俗	(rùxiāng suísú) when in rome (do as the romans do)
通行证	(tōngxíng zhèng) pass; permit
学期	(xuéqī) semester
结束	(jiéshù) end; conclude
杭州	(Hángzhōu) Hangzhou (capital of Zhejiang Province)
胜利	(shènglì) victory; success
校长	(xiàozhǎng) principal (of a primary school or univ.)
谈到	(tándào) speak about (mention)
讲起	(jiǎngqǐ) talk about
场	(chǎng) MW for games
讨论	(tǎolùn) discuss (discussion); (tǎolùn) discussion; discuss
数学	(shùxué) mathematics
题	(tí) question (in test or assignment)
排	(pái) row
竟	(jìng) unexpectedly (竟然)
愿意	(yuànyì) be willing to
马上	(mǎshàng) at once
作业	(zuòyè) homework (school assignment)
情急之下	(qíngjí zhī xià) in a moment of desperation
失望	(shīwàng) disappointed
掏出	(tāochū) take out (fish or draw out)
女生	(nǚshēng) girl student; school girl; (nǚshēng) female student
难题	(nántí) difficult question
解开	(jiěkāi) solve (math problem)
理所当然	(lǐ suǒ dāng rán) deservedly; as a matter of fact (be natural and right)
报酬	(bàochóu) reward; pay; (bàochou) reward; pay; remuneration; (bào chou) pay, reward
得以	(déyì) proud of oneself (pleased with oneself)
今后	(jīnhòu) from now on
收钱	(shōu qián) charge; collect fees
传到	(chuándào) spread to
班主任	(bānzhǔrèn) head teacher of a class
耳朵	(èr.duo) ear
起先	(qǐxiān) at first; in the beginning
自私	(zìsī) selfish
事后	(shìhòu) after the event (afterwards)
判断	(pànduàn) judge
还	(huán) return; give back;
此	(cǐ) this; this moment
然而	(rán'ér) however; nevertheless
家长会	(jiāzhǎnghuì) parents meeting
配合	(pèihé) work with; cooperate
出人意料	(chūrén yìliào) come as a surprise (contrary to one's expectation; beyond all expectation)
反应	(fǎnyìng) response
截然不同	(jiérán bùtóng) completely different
行为	(xíngwéi) behavior
赞成	(zànchéng) approve of; be in favor of
称赞	(chēngzàn) praise; acclaim
聪明	(cōng.míng) smart
吃亏	(chī//kuī) suffer losses (be in an unfavorable situation)
小小年纪	(xiǎoxiǎo niánjì) at a very young age
交易	(jiāoyì) trade; deals (business)
唯利是图	(wéi lì shì tú) seek only profit (be intent on nothing but money)
心灵	(xīnlíng) heart; soul; (spirit)
洁白	(jiébái) spotlessly white
如	(rú) like; as (as if)
意识	(yì.shí) sense; awareness
天真	(tiānzhēng) innocent
发扬	(fāyáng) develop; promote (carry forward; carry on -- abstract noun)
搞	(gǎo) do; be engaged in
家教	(jiājiào) private tutoring
获得	(huòdé) obtain; gain
有好处	(yǒu hǎochù) be food for (benefits of)
风波	"(fēngbō) disturbance (lit: ""wind and wave"")"
实际上	(shíjìshàng) in fact; in reality
某	(mǒu) certain; some
机关	(jīguān) government work unit
金钱万能	(jīnqián wànnéng) money is omnipotent
观念	(guānniàn) sense; idea (concept)
总之	(zǒngzhī) in a word; in short
怪	(guài) blame
会议	(huìyì) meeting; conference
组织	(zǔzhī) organize; arrange; (züzhī) to organize; organization
展开	(zhǎnkāi) launch; carry out
变成	(biànchéng) become; turn into
辩论	(biànlùn) debate; argument
相反	(xiāngfǎn) opposite; contrary
意见	(yìjiàn) idea; view; opinion; (yì.jiàn) opinion; view
一方	(yìfāng) one side; one party
宝贵	(bǎoguì) valuable; precious
英雄	(yīngxióng) hero
救人	(jiù//ren) save life
肯	(kěn) be willing to
互相	(hùxiāng) mutally (each other; one another)
则	(zé) however (only in written language)
寻物启事	(xúnwù qǐshì) lost and found notice
当面	(dāng//miàn) to someone's face (in somebody's presence
重谢	(zhòngxiè) present a grand reward
失物	(shīwù) lost items
主角	(zhǔjué) main character; leading role
出钱	(chū//qián) put forth money; offer money
爱理不理	(àilǐ bùlǐ) look cold and indifferent
义务	(yìwù) duty; obligation
付出	(fù//chū) pay
取	(Qû) take; get
暂时	(Zànshí) for the moment
保管	(Bâoguân) to take care of; to keep
立即	(Lìjí) immediately; at once
查看	(chákàn) to check; to look over
差错	(Chācuò) mistake; error
举手之劳	(jûshôuzhīláo) to lift a finger
弄	(nòng) to manage; to get; to handle
罢工	(bàgōng) to (go on) strike; to walk off the job
效劳	(xiàoláo) to service; to work for
荣幸	(róngxìng) honored; priviledged
倒霉	(dâoméi) unlucky; unfortunate
幸运	(xìngyùn) fortunate; lucky
擦伤	(cāshāng) (ESP for skin) brush burn
淋	(lín) to sprinkle; to pour
落汤鸡	(luòtāngjī) a drowned rat
顺	(shùn) smooth
掏	(tāo) to take out; fish out; hollow out
刮	(guā) to shave; to scrape
自认	(zìrèn) to confess; to own
放弃	(fàngqì) to give up; to abandon
追赶	(zhuīgân) to run after; to catch
同病相怜	(tóngbìng-xiānglián) similarly afflicted people pity each other
调整	(tiáozhêng) to adjust/adjustment
情绪	(qíngxù) mood; emotion
意外	(yìwài) unexpected/ accident; unforeseen/suddenness
发福	(fā//fú) gain weight
减肥	(jiǎn//féi) go on a diet
见面	(jiàn//miàn) meet (somebody)
胖	(pàng) become fat
近来	(jìnlái) recently
福气	(fú.qi) good fortune
恭维	(gōng.wei) compliment
客套话	(kètàohuà) polite expressions (civilities)
胖子	(pàng.zi) fat person
小孩儿	(xiǎohǎir) kid; child
岁	(suì) (age unit) years old
公斤	(gōngjīn) kg
营养	(yíngyǎng) nutrition
不良	(bùliáng) (mal-) bad
居民	(jūmín) resident
烦恼	(fánnǎo) worries; vexation (and verb forms)
气功	(qìgōng) (a system of) deep breathing
练气功	(liàn qìgōng) practice qigong
爬山	(pá//shān) climb mountains
反而	(fǎn'ér) on the contrary; instead
瘦	(shòu) thin
爱护	(àihù) cherish; treasure
缘故	(yuán gù) cause; reason
负	(fù) bear (carry on back)
负责任	(fù zérèn) be responsible for
汉堡包	(hànbǎobāo) hamburger
炸薯条	(zhá shǔtiáo) french fries
巧克力	(qiǎokèlì) chocolate
糖	(táng) candy; sugar
冰激凌	(bīng.jī líng) ice cream
可口可乐	(kěkǒukělè) Coca Cola
腻	(nì) greasy
有害	(yǒuhài) harm (-ful)
爱	(ài) love to
商人	(shāngrén) businessman
以及	(yǐjì) and (used in writing)
基础	(jīchǔ) foundation
讲价	(jiǎngjià) bargain; haggle over price
古董	(gǔdǒng) antique
幅	(fú) MW for painting
山水画儿	(shānshuǐhuàr) landscape painting
老板	(lǎobǎn) shopkeeper; boss
明代	(Míngdài) the Ming Dynasty
世界	(shìjiè) world
噢	(o) oh
重新	(chóngxīn) again; anew; afresh
古画儿	(gǔhuǎr) ancient painting
到底	(dàodǐ) after all; exactly
要是	(yàoshì) if
成本	(chéngběn) cost
赚钱	(zhuàn//qián) make money (or a profit)
开玩笑	(kāiwánxiào) joke; make fun of
赔钱	(péi//qián) lose money (in business)
穷	(qióng) poor (poverty-stricken)
买不起	(mǎi.bu.qǐ) cannot afford
人物	(rénwù) figure; personage; character
便宜	(pián.yi) inexpensive; cheap
只好	(zhǐhǎo) have to; be forced to
逛	(guàng) stroll; go window-shopping
市场	(shìchǎng) market
巧	(qiǎo) coincidental; fortuitous
棒	(bàng) good; excellent (colloquial)
哎呀	(āiyā) oh; ah (to express anger, irritation, or dissappointment)
一模一样	(yìmúyíyàng) exactly alike
花钱	(huā//qián) spend (money)
上当	(shàng//dàng) to be fooled (to be taken in by a scam)
午觉	(wǔjiào) afternoon nap
白天	(báitiān) daytime; day
浪费	(làngfèi) waste; squander; extravagant
自己	(zìjǐ) oneself
精神	(jīng.sheng) vigor; vitality; spirit
有精神	(yǒu jīng.shen) vigorous
怪不得	(guài.bu.de) no wonder; so that's why
大多	(dàduō) for the most part; mostly
茶	(chá) tea
很少	(hěnshǎo) seldom
冰水	(bīngshuǐ) ice water
受罪	(shòu//zuì) endure hardships, tortures, rough condition; have a hard time
自来水	(zìláishuǐ) tap water
直接	(zhíjiē) directly
凉	(liáng) cold; cool
开水	(kāishuǐ) boiled water
容易	(róngyì) easy
矿泉水	(kuànquánshuǐ) mineral water
贵	(guì) expensive
最近	(zuìjìn) recently
学	(xué) imitate; mimic
热水瓶	(rèshuǐpíng) thermos bottle
有时	(yǒushí) sometimes; at times; now and then
泡茶	(pào//chá) make tea
没想到	(méi xiǎngdào) unexpectedly
各	(gè) each; every
坚持	(jiānchí) insist on; persist in
原来	(yuánlái) original; former
方式	(fāngshì) pattern; fashion; way
向	(xiàng) from
当地	(dāngdì) local; in the locality
同志	(tóngzhì) comrade
小姐	(xiǎo.jiě) miss
大约	(dàyuē) approximately; about
只要	(zhǐyào) as long as
称呼	(chēng.hu) call; address; a form of address
所有	(suǒyǒu) all
无论	(wúlùn) no matter what; regardless of
年轻	(niánqīng) young
认识	(rèn.shi) know; be familiar with
陌生	(mòshēng) strange; unfamiliar
分	(fēn) divide; separate; part
男女老少	(nánnǚlǎoshào) men and women, young and old
平等	(píngděng) equality
改革	(gǎigé) reform
开放	(kāifàng) open; liberalize
改革开放	(gǎigé kāifàng) the reform policy of China in the 1970s
成了	(chéng.le) has become; became
女士	(nǚshì) lady; madam
受	(shòu) receive
台湾	(táiwān) taiwan
香港	(xiānggǎng) hong kong
海外	(hǎiwài) overseas; abroad
影响	(yǐngxiǎng) influence; effect
丈夫	(zhàng.fu) husband
意思	(yì.si) meaning
老公	(lǎogōng) colloq. husband
老婆	(lǎo.po) colloq. wife
代替	(dàitì) replace; substitute for
太太	(tài.tai) wife; mrs
正式	(zhèngshì) formal; official; solemn
加	(jiā) add; put in
百货商场	(bǎihuò shāngchǎng) department store
售货员	(shòuhuòyuán) salesclerk; shop assistant
中国大陆	(zhōngguó dàlù) mainland china
词儿	(cí) word; term
几乎	(jīhū) almost; nearly; practically
另外	(lìngwài) in addition; moreover; besides
中年	(zhōngnián) middle-aged
往往	(wǎngwǎng) often; frequently
其实	(qíshí) actually; in fact
合适	(héshì) properly; proper; appropriate; suitable
表面上	(biǎomiàn.shàng) on the surface
社会	(shèhuì) society
特点	(tèdiǎn) characteristic; trait
怀念	(huàiniàn) cherish the memory of; think fondly of
北京	(běijīng) Beijing
飞机	(fēijī) airplane
准时	(zhǔnshí) punctually; on time;
降落	(jiàng.luò) land; descend;
首都	(shǒudū) capital
机场	(jīchǎng) airport
外事处	(wàishìchù) foreign affairs office
派	(pài) dispatch; send
张	(Zhāng) Zhang (a surname)
先生	(xiān.sheng) Mr.; (xiān.sheng) husband
接	(jiē) meet; welcome; fetch
海关	(hǎiguān) customs
担心	(dānxīn) worry; feel anxious
带	(dài) take; bring; carry
花花公子	"(Huāhuā gōngzǐ) ""Playboy"""
据说	(jùshuō) it is said; they say
对	(duì) about; toward; on; to
类	(lèi) type; category
杂志	(zázhì) magazine
查	(chá) check; inspect
严	(yán) strict; severe; stern
好在	(hǎozài) luckily; fortunately
根本	(gēnběn) utterly; completely; at all (always used in negative sentences)
打开	(dǎ//kāi) open
行李	(xíng.li) luggage; baggage
后来	(hòulái) afterwards
坐上	(zuò//.shàng) get on (a vehicle)
部	(bù) MW for cars or movies
大巴	(dàbā) large bus
开	(kāi) drive (a car)
检查	(jiǎnchá) check; examine; inspect; inspection
松	(sōng) loose; slack
城里	(chénglǐ) within the city; downtown
高速公路	(gāosù gōnglù) expressway; freeway
宽	(kuān) wide; broad
平	(píng) flat; smooth; level;
想象	(xiǎngxiàng) imagine; imagination
古老	(gǔlǎo) ancient; age-old
兴奋	(xīngfèn) excited
宿舍	(sùshè) dormitory
舒服	(shū.fu) comfortable
不过	(búguò) but; however
时差	(shíchā) jet lag; time difference
一直	(yìzhí) all the way; all along; continuously
睡着	(shuì//zháo) fall asleep
天下	(tiān xià) throughout the world
免不了	(miǎn bu liǎo) can not be avoided
如此	(rú cǐ) like this; so, such
轻声	(qīng shēng) neutral tone
十分	(shífēn) very
报仇	(bào chóu) revenge; avenge
警察	(jǐngchá) police
丫头	(yātou) small girl; slave girl
哭笑不得	(kū xiào bùdé) not know whether to laugh or cry
停顿	(tíngdùn) pause
文章	(wénzhāng) article; writing
哈佛	(hāfó) Harvard University
引起	(yǐnqǐ) give rise to; lead to; arouse
性	(xìng) sex
范围	(fànwéi) range; scope
灵魂	(línghún) spirit; soul
方向	(fāngxiàng) direction
误解	(wùjiě) misunderstanding
故事	(gùshi) story
看	(kàn) look after; guard
吻	(wěn) kiss
船	(chuán) ship; boat
跟...吹了	(gēn...chuī le) break up with
暑假	(shǔ jià) summer vacation; (shǔjià) summer break
干嘛	(gànma?) what to do; why (on earth)
心想	(xīnxiǎng) think (at heart)
考验	(kǎo yàn) test; trial
于是	(yúshì) hence; consequently
像样	(xiàngyàng) presentable; decent
开口	(kāikǒu) ask for a favor
算	(suàn) count as; regard as
安慰	(ānwèi) comfort
打招呼	(dǎ zhāo hu) say hello (to); greet
旅游	(lǚyóu) tour; travel
骗	(piàn) cheat
发火	(fāhuǒ) get angry; lose one's temper
连忙	(liánmáng) promptly; at once
解释	(jiěshì) explain
一刀两断	(yìdāoliǎngduàn) make a clean break (in a relationship)
糊里糊涂	(húli hútu) confused
打呼	(dǎ hū) v.to snore
露营	(lù yíng) to camp out
搭脚儿	(dā jiǎo ér) to hitchhike
笼子	(lóng zi) cage, coop
艺术	(yì shù) art
关机	(guān jī) hang up (phone)
花坛	(huā tán) flower bed
原谅	(yuán liàng) forgive
初	(chū) beginning (of year / month)
底	(dǐ) end (of year / month)
高校	(gāoxiào) further education (schooling beyond secondary school)
放	(fàng) to release; to dismiss
因人而异	(yīnrén éryì) vary with each individual
根据	(gēnjù) based on
调查	(diàochá) survey; investigate
外地	(wàidì) non-local places
寒假	(hánjià) winter break
绝大多数	(juě dà duō shù) an overwhelming majority
仍然	(réngrán) still
利用	(lìyòng) use; utilize; make use of
聚	(jù) to gather
参加	(cānjiā) participate
社会实践	(shèhuìshíjiàn) extracurricular activities (show students how the real world works)
实践	(shíjiàn) put theory into practice
活动	(huódòng) activity
考研	(kǎoyán) to take the exams for graduate study
出国	(chūguó) go abroad
打工	(dǎgōng) to work for others (usually temporarily)
在...期间	(zài...qījiān) during the period of
落后	(luòhòu) lag behind (economically underdeveloped)
知识	(zhīshí) knowledge
第一位	(dìyīwèi) the top (of a list)
考托	(kǎotuō) take TOEFL
考G	(kǎo G) take GRE
辅导班	(fǔdǎobān) tutorial class
研究生	(yánjiūshēng) graduate student
吸引	(xīyǐn) attract
由此可见	(yóucǐkějiàn) from this (one) can see
得到	(dédào) to get (education / help etc.); (dédào) succeed in obtaining
当代	(dāngdài) contemporary
追求	(zhuīqiú) to pursue; pursuit
目标	(mùbiāo) goal; objective
此外	(cìwài) in addition; morever
解决	(jiějué) to solve (a problem); (jiějué) solve
翻译	(fānyì) to translate; translation
铮	(zhèng) to earn
零花钱	(línghuāqián) pocket money
人际	(rénjì) interpersonal
总的来说	(zǒngde láishuō) by and large; on the whole
可以说	(kěyǐ shuō) one may say that
到时候	[dào shí.hòu] until then; until that time
面子	(miàn.zi) face; dignity (not a physical face)
相应	(xiāngyìng) corresponding; relevant
打交道	(dǎ jiāodào) come into contact with
对方	(duìfāng) the other side; the other party
给面子	(gěi miàn.zi) show respect for someone's feelings
尤其	(yóuqí) especially
拒绝	(jùjué) reject
要求	(yāoqiú) request; demand
或者	(huòzhě) or
同意	(tóngyì) agree; approve (the object is an always an opinion/request not a person)
比方说	(bǐ.fangshuō) for instance; for example
一块儿	(yíkuàir) together
诚实	(chéng.shí) honest
找借口	(zhǎo jièkǒu) look for an excuse
回答	(huídá) answer
把握	(bǎwò) assurance; certainty
研究	(yánjiū) consider; discuss; study
进一步	(jìnyíbù) go a step further; further
一步一步	(yíbù yíbù) step by step
答应	(dā.ying) agree; promise; answer
个人	(gèrén) individual; personal
私事	(sīshì) private affairs
多大	(duō dà) how old (used in a question only)
面前	(miànqián) in front or face of
话题	(huàtí) topic of conversation
教	(jiāo) teach
诚恳	(chéngkěn) sincere
礼貌	(lǐmào) courtesy; politeness
有礼貌	(yǒu lǐmào) courteous; polite
温饱	(wēnbǎo) adequately fed and clothed
小康	(xiǎokāng) comparatively well off
饱	(bǎo) full (from eating)
暖	(nuǎn) warm
以上	(yǐshàng) above (a given point or line)
富裕	(fùyù) rich; affluent
明显	(míngxiǎn) evident; obvious
消费	(xiāofèi) consumption
花费	(huāfèi) expenses; cost
费用	(fēi.yong) expenses; cost; fees
部分	(bù.fen) a portion
消耗	(xiāohào) consume; expend; exhaust
分量	(fèn.liàng) amount
蔬菜	(shūcài) vegetable
一般	(yìbān) general; consume
四大件儿	(sìdàjiànr) the four big things
所谓	(suǒwèi) so called
缝纫机	(féngrènjī) sewing machine
手表	(shǒubiǎo) watch
收音机	(shōuyīnjī) radio
拥有	(yōngyǒu) own; possess
日用品	(rìyòngpǐn) daily necessities
达到	(dádào) achieve (a goal)
冰箱	(bīngxiāng) fridge
音响	(yīnxiǎng) stereo
住房	(zhùfáng) housing
采取	(cǎiqǔ) adopt
措施	(cuòshī) measure; step (political; economical)
商品房	(shāngpǐnfáng) commercialized housing
上市	(shàng//shì) go on the market
买卖	(mǎimài) buy and sell; trade
确实	(quèshí) really; indeed
由	(yóu) from (从)
过度	(guòdù) excessively; over
过上	(guò//.shang) be able to have (a high standard of living)
末期	(mòqī) last phase; final phase
海峡	(hǎixiá) strait
海峡两岸	(hǎixiá liǎng'àn) Taiwan Straight (the coasts between mainland China and Taiwan)
大同小异	(dàtóng xiǎoyì) largely identical (but with minor differences)
毫无	(háowú) not in the least
误会	(wùhuì) misunderstand
结婚	(jié//hūn) get married
立刻	(lìkè) immediately; right away
计程车	(jìchéngchē) taxi
冷气	(lěngqì) AC
电脑	(diànnǎo) computer
说法	(shuō.fa) wording; way of saying
注音符号	(zhùyīn fúhào) old chinese alphabet (used before the Chinese phonetic alphabet)
汉语拼音	(Hànyǔ pīnyīn) Chinese phonetic alphabet
形式	(xíngshì) form
报纸	(bàozhǐ) newspaper
相信	(xiāngxìn) believe
